,Window,Start date,End date,Coefficient,Constant
0,60,2020-01-01,2020-03-01,0.7439053117435652,-0.34522747333828957
1,60,2020-01-08,2020-03-08,1.1716726359107663,-0.1930459928476652
2,60,2020-01-15,2020-03-15,1.1685380684020819,-0.19890888124499959
3,60,2020-01-22,2020-03-22,1.643341210993525,-0.40009730640130936
4,60,2020-01-29,2020-03-29,1.6500668229124194,-0.43798941925364915
5,60,2020-02-05,2020-04-05,1.551514053732137,-0.7207714119937022
6,60,2020-02-12,2020-04-12,1.4732622743823058,-0.5906201205260453
7,60,2020-02-19,2020-04-19,1.5695185492882664,-0.4488242716297886
8,60,2020-02-26,2020-04-26,1.6188772359268235,-0.5941032190460188
9,60,2020-03-04,2020-05-03,1.6587955074647518,-0.48416086095282274
10,60,2020-03-11,2020-05-10,1.7876798001105612,-0.2204018276845882
11,60,2020-03-18,2020-05-17,1.8740182305676814,-0.11362672500116143
12,60,2020-03-25,2020-05-24,0.9206870072144044,0.00043525902880698405
13,60,2020-04-01,2020-05-31,0.7674366697911537,0.18743133590343655
14,60,2020-04-08,2020-06-07,1.38281004546481,0.43592575525838845
15,60,2020-04-15,2020-06-14,1.529151847441653,0.2159488384728824
16,60,2020-04-22,2020-06-21,1.5814008265220294,0.008097615303096398
17,60,2020-04-29,2020-06-28,1.6227511866829363,-0.12439689629224447
18,60,2020-05-06,2020-07-05,1.6771841036194475,-0.202856543906228
19,60,2020-05-13,2020-07-12,1.819443266825458,-0.4223198725526649
20,60,2020-05-20,2020-07-19,1.84404566080286,-0.5009349631714758
21,60,2020-05-27,2020-07-26,1.9416237618874352,-0.5191905888016363
22,60,2020-06-03,2020-08-02,1.9005150166654263,-0.5627272774140628
23,60,2020-06-10,2020-08-09,1.917733062685825,-0.5351865419513566
24,60,2020-06-17,2020-08-16,1.8221904318883293,-0.39032012406199573
25,60,2020-06-24,2020-08-23,1.93109807527347,-0.6384895762984473
26,60,2020-07-01,2020-08-30,1.9245360356329877,-0.602881662550526
27,60,2020-07-08,2020-09-06,1.9263167344079724,-0.6727852531093846
28,60,2020-07-15,2020-09-13,1.750072459180073,-0.5103067998067661
29,60,2020-07-22,2020-09-20,1.7553521878870506,-0.46731915984672057
30,60,2020-07-29,2020-09-27,1.5576230898541366,-0.5156316742369801
31,60,2020-08-05,2020-10-04,1.206494191547641,-0.5174940691686555
32,60,2020-08-12,2020-10-11,1.4011726754009974,-0.39997688402138465
33,60,2020-08-19,2020-10-18,1.4531035955269718,-0.49136146249741475
34,60,2020-08-26,2020-10-25,1.5969893663600425,-0.44483499707408325
35,60,2020-09-02,2020-11-01,1.5074288429259484,-0.35469007919814416
36,60,2020-09-09,2020-11-08,1.700621568345855,-0.07595186916481125
37,60,2020-09-16,2020-11-15,2.098893373933406,0.057313583278711756
38,60,2020-09-23,2020-11-22,1.9472585995525002,-0.04055730437052699
39,60,2020-09-30,2020-11-29,1.8467877594041582,-0.07976249492498959
40,60,2020-10-07,2020-12-06,1.6953156393842643,-0.09486645280655599
41,60,2020-10-14,2020-12-13,1.6509691712023273,-0.15980026605585274
42,60,2020-10-21,2020-12-20,1.5680541550432248,-0.03088982851385359
43,60,2020-10-28,2020-12-27,1.849706487819335,-0.2172018867391364
44,60,2020-11-04,2021-01-03,1.8795842078379772,-0.2934216593691426
45,60,2020-11-11,2021-01-10,2.5897072021406706,-0.7021562972897933
46,60,2020-11-18,2021-01-17,1.4727448154263734,-0.24671974145385792
47,60,2020-11-25,2021-01-24,1.335677691385349,-0.014089785033131302
48,60,2020-12-02,2021-01-31,1.3562925394923055,-0.00859751857409898
49,60,2020-12-09,2021-02-07,0.8882373409525094,0.07244256253076255
50,60,2020-12-16,2021-02-14,0.7194037255905721,-0.02289552121538797
51,60,2020-12-23,2021-02-21,0.4565386974339509,-0.13964308529647704
52,60,2020-12-30,2021-02-28,0.5028516914876838,0.029602171593712732
53,60,2021-01-06,2021-03-07,1.043078142789903,-0.010251448032563424
54,60,2021-01-13,2021-03-14,0.9388484163660844,-0.22222732918963004
55,60,2021-01-20,2021-03-21,0.9937424279043539,-0.23137056892198227
56,60,2021-01-27,2021-03-28,0.8890431007507019,-0.2597321857056382
57,60,2021-02-03,2021-04-04,0.7526001629424448,-0.19186812734501238
58,60,2021-02-10,2021-04-11,1.173378409169058,-0.08070474969500709
59,60,2021-02-17,2021-04-18,1.3033345737743558,0.023198936752306238
60,60,2021-02-24,2021-04-25,1.124930691871391,-0.0995956491208097
61,60,2021-03-03,2021-05-02,1.1727496516850564,-0.041911205364617066
62,60,2021-03-10,2021-05-09,0.8809077469869324,0.14876948173208268
63,60,2021-03-17,2021-05-16,0.6363278989424451,0.3534085572910867
64,60,2021-03-24,2021-05-23,0.7854520943841695,0.5691344924282579
65,60,2021-03-31,2021-05-30,0.7037048842964221,0.6308912293909651
66,60,2021-04-07,2021-06-06,0.7689419234534512,0.5844951287280125
67,60,2021-04-14,2021-06-13,0.8241331472909053,0.4601525500280639
68,60,2021-04-21,2021-06-20,1.7594435936438113,0.15171358381632344
69,60,2021-04-28,2021-06-27,1.9860096721783176,0.43639889400633836
70,60,2021-05-05,2021-07-04,2.2131178820041364,0.5676765935543054
71,60,2021-05-12,2021-07-11,2.319657451747253,0.4057405201888548
72,60,2021-05-19,2021-07-18,2.4960583058583583,0.41288125038103357
73,60,2021-05-26,2021-07-25,2.0506625785375716,0.1342183038265001
74,60,2021-06-02,2021-08-01,1.6225015006410173,-0.13253678360569435
75,60,2021-06-09,2021-08-08,1.872354491061428,0.013271580952817432
76,60,2021-06-16,2021-08-15,1.5447105057927946,0.014594348134809998
77,60,2021-06-23,2021-08-22,1.0295789949908116,0.04900127926678699
78,60,2021-06-30,2021-08-29,1.3227853332911983,0.12280827072837201
79,60,2021-07-07,2021-09-05,1.266921549243929,0.10698178704772414
80,60,2021-07-14,2021-09-12,1.0398641123167665,0.18185258716200137
81,60,2021-07-21,2021-09-19,1.0823991429292026,0.23220170242403837
82,60,2021-07-28,2021-09-26,1.3815145706968281,0.16560754149077705
83,60,2021-08-04,2021-10-03,1.7522007483835549,0.1677902043078914
84,60,2021-08-11,2021-10-10,1.5204638264936159,0.04363092841552818
85,60,2021-08-18,2021-10-17,1.9296848524294026,-0.052616547682355554
86,60,2021-08-25,2021-10-24,1.6377091500224277,-0.2934240496821727
87,60,2021-09-01,2021-10-31,1.505884768939423,-0.37858627406440837
88,60,2021-09-08,2021-11-07,1.1612804651340924,-0.3101651335761647
89,60,2021-09-15,2021-11-14,1.2109400933872838,-0.355915214470032
90,60,2021-09-22,2021-11-21,1.1946363876137844,-0.37584969375423527
91,60,2021-09-29,2021-11-28,1.218462772001347,-0.32169948861580844
92,60,2021-10-06,2021-12-05,1.451205912935595,-0.049889975955172916
93,60,2021-10-13,2021-12-12,1.4811459034904377,-0.095119777148242
94,60,2021-10-20,2021-12-19,1.4704393610739137,-0.12047830102835377
95,60,2021-10-27,2021-12-26,1.6851732994093,0.041778690690871624
96,60,2021-11-03,2022-01-02,1.6186597425479385,-0.0026265907758163914
97,60,2021-11-10,2022-01-09,1.7192515109996576,0.09467358653263358
98,60,2021-11-17,2022-01-16,1.9280087508478136,0.3242000406222681
99,60,2021-11-24,2022-01-23,2.3134194367441983,0.24752778219070018
100,60,2021-12-01,2022-01-30,2.1161219169766787,0.2958748045701957
101,60,2021-12-08,2022-02-06,2.2300757138806704,0.34031631409377755
102,60,2021-12-15,2022-02-13,1.7403585401643926,0.2735105934072613
103,60,2021-12-22,2022-02-20,1.7806498545825804,0.3335661288510881
104,60,2021-12-29,2022-02-27,1.9828539336083741,0.2376764332250424
105,60,2022-01-05,2022-03-06,2.795071444426081,0.15575986803891614
106,60,2022-01-12,2022-03-13,2.6381325915491898,-0.04226176099333473
107,60,2022-01-19,2022-03-20,2.841284790335778,0.2237182058280129
108,60,2022-01-26,2022-03-27,2.811695706365914,0.1336332069934579
109,60,2022-02-02,2022-04-03,2.9429357326155747,0.060872448664339746
110,60,2022-02-09,2022-04-10,2.8204736259169567,0.0899394723162572
111,60,2022-02-16,2022-04-17,3.402960980046287,0.6794700353616524
112,60,2022-02-23,2022-04-24,3.462778487613879,0.851460112281322
113,60,2022-03-02,2022-05-01,3.006118973319593,0.9428714187593866
114,60,2022-03-09,2022-05-08,2.603937654246141,0.8907573155168388
115,60,2022-03-16,2022-05-15,2.5339076132197857,0.8437276223344208
116,60,2022-03-23,2022-05-22,1.8039497320111149,0.05586231714980456
117,60,2022-03-30,2022-05-29,1.2621128431508346,-0.3414860711499617
118,60,2022-04-06,2022-06-05,1.0200554497022232,-0.7200441287804596
119,60,2022-04-13,2022-06-12,0.8584659450376507,-0.5066716498496912
120,60,2022-04-20,2022-06-19,1.1002163802316423,-0.5792279021916634
121,60,2022-04-27,2022-06-26,1.2032167251117267,-0.6603575827665645
122,60,2022-05-04,2022-07-03,1.198135547439192,-0.60739920889859
123,60,2022-05-11,2022-07-10,1.3044603969799662,-0.6284833881691607
124,60,2022-05-18,2022-07-17,1.217090593656987,-0.6153207716376146
125,60,2022-05-25,2022-07-24,1.455140220930803,-0.21279479301190565
126,60,2022-06-01,2022-07-31,1.6749621084950597,0.0003063367286754296
127,60,2022-06-08,2022-08-07,1.8568791344508988,0.4101300967803208
128,60,2022-06-15,2022-08-14,1.85006650189705,0.30986603423492315
129,60,2022-06-22,2022-08-21,1.8754183066043553,0.20142269382954284
130,60,2022-06-29,2022-08-28,1.9384307065843633,0.22891233340435538
131,60,2022-07-06,2022-09-04,2.008813026771206,0.4123887741217491
132,60,2022-07-13,2022-09-11,2.028000216415597,0.5174384088107182
133,60,2022-07-20,2022-09-18,2.1893967097783107,0.18047280585403644
134,60,2022-07-27,2022-09-25,1.9065383709009276,0.17520897154779122
135,60,2022-08-03,2022-10-02,1.7351789908148776,0.2918289873267866
136,60,2022-08-10,2022-10-09,1.6691226170233742,0.15676075229987535
137,60,2022-08-17,2022-10-16,1.6376957919153603,0.10172794181072692
138,60,2022-08-24,2022-10-23,1.6092189435522688,0.3289965662015093
139,60,2022-08-31,2022-10-30,1.47281162861352,0.42617277746008697
140,60,2022-09-07,2022-11-06,1.2878385324158668,-0.004580232835804779
141,60,2022-09-14,2022-11-13,1.1215433986497205,-0.580377048326944
142,60,2022-09-21,2022-11-20,1.6277149852130668,0.527676706795326
143,60,2022-09-28,2022-11-27,0.716501730005374,-1.9417508691873162
144,90,2020-01-01,2020-03-31,1.6417956438962114,-0.36989124148060315
145,90,2020-01-08,2020-04-07,1.5231906888886926,-0.5973129066171511
146,90,2020-01-15,2020-04-14,1.4685710221462722,-0.5056610769284238
147,90,2020-01-22,2020-04-21,1.5199010251134777,-0.3191600446292183
148,90,2020-01-29,2020-04-28,1.5227669834756528,-0.3276549685218591
149,90,2020-02-05,2020-05-05,1.5269798076368413,-0.32068976438044544
150,90,2020-02-12,2020-05-12,1.5253316049333725,-0.2435357501223764
151,90,2020-02-19,2020-05-19,1.5639992354405896,-0.2942409437220864
152,90,2020-02-26,2020-05-26,1.6296293936351312,-0.35514250587652735
153,90,2020-03-04,2020-06-02,1.677907752559784,-0.2586127829611343
154,90,2020-03-11,2020-06-09,1.780772039949437,-0.20293874998094408
155,90,2020-03-18,2020-06-16,1.7969182075716992,-0.18150921206810178
156,90,2020-03-25,2020-06-23,1.2971291456502085,0.04258617696374645
157,90,2020-04-01,2020-06-30,1.2590324786162919,0.004805554020508746
158,90,2020-04-08,2020-07-07,1.4862486252823441,0.08479348672352714
159,90,2020-04-15,2020-07-14,1.698143585909802,-0.09505302901335258
160,90,2020-04-22,2020-07-21,1.6595595067116455,-0.2552442389464231
161,90,2020-04-29,2020-07-28,1.7572112270561295,-0.2344921814028453
162,90,2020-05-06,2020-08-04,1.723594449494799,-0.22376825451105484
163,90,2020-05-13,2020-08-11,1.8552274185952728,-0.4126745323418287
164,90,2020-05-20,2020-08-18,1.8051113697390937,-0.3472131725663497
165,90,2020-05-27,2020-08-25,1.7880934258691468,-0.45476841118080696
166,90,2020-06-03,2020-09-01,1.8600450676538334,-0.5828980402375541
167,90,2020-06-10,2020-09-08,1.8519321703921952,-0.638386195844704
168,90,2020-06-17,2020-09-15,1.741757012042589,-0.541475508041521
169,90,2020-06-24,2020-09-22,1.8313900369868703,-0.6044386890796349
170,90,2020-07-01,2020-09-29,1.7257673882255922,-0.47924621749838825
171,90,2020-07-08,2020-10-06,1.6902457546252805,-0.40058182801797315
172,90,2020-07-15,2020-10-13,1.710444728566534,-0.32676287912799107
173,90,2020-07-22,2020-10-20,1.7498490781774898,-0.33566979361690813
174,90,2020-07-29,2020-10-27,1.5823969601646384,-0.423458577547302
175,90,2020-08-05,2020-11-03,1.3737741126060579,-0.4467977200131438
176,90,2020-08-12,2020-11-10,1.2610966637866443,-0.3622162369276128
177,90,2020-08-19,2020-11-17,1.643206575045899,-0.255002604107236
178,90,2020-08-26,2020-11-24,1.7884253734202358,-0.230231069578068
179,90,2020-09-02,2020-12-01,1.6624703034878856,-0.17654173395845046
180,90,2020-09-09,2020-12-08,1.7307816065222623,-0.1057186287504133
181,90,2020-09-16,2020-12-15,1.7721439803953396,-0.12332587628611161
182,90,2020-09-23,2020-12-22,1.7900062297839376,-0.09518299598913542
183,90,2020-09-30,2020-12-29,1.8700892744883173,-0.23903155694623063
184,90,2020-10-07,2021-01-05,1.9159606728934158,-0.3258109072805083
185,90,2020-10-14,2021-01-12,1.8679771617244525,-0.30328074895267954
186,90,2020-10-21,2021-01-19,1.4882527317851673,-0.08636757971630404
187,90,2020-10-28,2021-01-26,1.4454678782330037,0.053530549949339035
188,90,2020-11-04,2021-02-02,1.3656892574744084,0.08150856361208844
189,90,2020-11-11,2021-02-09,1.2415396648912245,0.10386205544279202
190,90,2020-11-18,2021-02-16,1.018804320280584,-0.02944086981530176
191,90,2020-11-25,2021-02-23,1.065550432815796,0.022260772769599403
192,90,2020-12-02,2021-03-02,1.0484324868713795,0.013229653587302902
193,90,2020-12-09,2021-03-09,1.0893872256601194,-0.11994796480616482
194,90,2020-12-16,2021-03-16,1.12319213857049,-0.17889266798877596
195,90,2020-12-23,2021-03-23,0.9824748456711949,-0.25765843770388536
196,90,2020-12-30,2021-03-30,0.9845839514551836,-0.08002126341958973
197,90,2021-01-06,2021-04-06,0.9538443634571113,0.015458634398342396
198,90,2021-01-13,2021-04-13,1.0041523734135778,0.008618567750517007
199,90,2021-01-20,2021-04-20,1.0513326010510113,0.032481016683373845
200,90,2021-01-27,2021-04-27,0.9487249463662105,-0.09167309790736049
201,90,2021-02-03,2021-05-04,0.9681089369267525,-0.06329667494327769
202,90,2021-02-10,2021-05-11,1.0327137977818421,-0.07228052953389281
203,90,2021-02-17,2021-05-18,1.1418774717275169,0.014044606906685731
204,90,2021-02-24,2021-05-25,1.294030836235695,0.15284179672731726
205,90,2021-03-03,2021-06-01,1.3496386935741487,0.24348796271240336
206,90,2021-03-10,2021-06-08,1.0997526539890907,0.3717678624535521
207,90,2021-03-17,2021-06-15,0.8558356729061762,0.45447411260234083
208,90,2021-03-24,2021-06-22,1.3625258089883328,0.3062112051746789
209,90,2021-03-31,2021-06-29,1.3908437931362656,0.2855428699145537
210,90,2021-04-07,2021-07-06,1.5409448512092634,0.19553008454587528
211,90,2021-04-14,2021-07-13,1.6057417347158431,0.11648545670694627
212,90,2021-04-21,2021-07-20,1.6777255518179972,0.08661877193965485
213,90,2021-04-28,2021-07-27,2.0802748875669956,0.2370720726362675
214,90,2021-05-05,2021-08-03,2.093217703471646,0.23368760437544855
215,90,2021-05-12,2021-08-10,2.22978732353995,0.25551448709332664
216,90,2021-05-19,2021-08-17,2.0431880363215327,0.34607161460317953
217,90,2021-05-26,2021-08-24,1.7374879144919428,0.2181503090474327
218,90,2021-06-02,2021-08-31,1.7060453995038485,0.1931590963590981
219,90,2021-06-09,2021-09-07,1.5681995279785792,0.09586447839385848
220,90,2021-06-16,2021-09-14,1.5435791979871383,0.06678183926830572
221,90,2021-06-23,2021-09-21,1.1648544791389814,0.07290530611324156
222,90,2021-06-30,2021-09-28,1.5373898136371824,0.0005648649679525149
223,90,2021-07-07,2021-10-05,1.7112159847841397,-0.044809731135712946
224,90,2021-07-14,2021-10-12,1.5814536185285468,0.030685467217537045
225,90,2021-07-21,2021-10-19,1.5708307415132845,0.044341365084881436
226,90,2021-07-28,2021-10-26,1.3407993347114338,-0.031148621871218887
227,90,2021-08-04,2021-11-02,1.3861407654753077,-0.02422103511237323
228,90,2021-08-11,2021-11-09,1.1670232453034852,-0.06403750299357389
229,90,2021-08-18,2021-11-16,1.5403472134882,-0.1201646379997614
230,90,2021-08-25,2021-11-23,1.4193221747568212,-0.19252397893323636
231,90,2021-09-01,2021-11-30,1.3825834859506747,-0.2816591853503067
232,90,2021-09-08,2021-12-07,1.5658194891327029,-0.1604286942612941
233,90,2021-09-15,2021-12-14,1.5802328855843473,-0.14179491860317886
234,90,2021-09-22,2021-12-21,1.547050869926781,-0.1981325028185793
235,90,2021-09-29,2021-12-28,1.493428341982299,-0.14831430687840053
236,90,2021-10-06,2022-01-04,1.385824368331897,-0.1415669922349756
237,90,2021-10-13,2022-01-11,1.455340064749057,-0.013695206027798359
238,90,2021-10-20,2022-01-18,1.7459378402663113,0.17525427867817153
239,90,2021-10-27,2022-01-25,1.9410182676520882,0.2970355175355367
240,90,2021-11-03,2022-02-01,1.9513166423954624,0.34054629719806007
241,90,2021-11-10,2022-02-08,2.0339847674580867,0.3060122383125655
242,90,2021-11-17,2022-02-15,1.7880914492044166,0.24357616614688196
243,90,2021-11-24,2022-02-22,1.934307239629829,0.19685548898535166
244,90,2021-12-01,2022-03-01,2.0227276892226933,0.13021118006140664
245,90,2021-12-08,2022-03-08,2.713461203535769,-0.012498858536929053
246,90,2021-12-15,2022-03-15,2.6053118778272037,0.007342400031110707
247,90,2021-12-22,2022-03-22,2.8227660523993374,0.2789709264448112
248,90,2021-12-29,2022-03-29,2.8220338581326767,0.2727827841329741
249,90,2022-01-05,2022-04-05,2.8780687348902987,0.36225153416739503
250,90,2022-01-12,2022-04-12,2.805269735078664,0.24468914234632672
251,90,2022-01-19,2022-04-19,2.748958639024804,0.2290627921108301
252,90,2022-01-26,2022-04-26,2.7465934526484563,0.3541593295023142
253,90,2022-02-02,2022-05-03,2.5299428966623583,0.34277669715386555
254,90,2022-02-09,2022-05-10,2.5251907560185125,0.31142731982936445
255,90,2022-02-16,2022-05-17,2.977748714321773,0.7407726177656074
256,90,2022-02-23,2022-05-24,2.771247904379156,0.46119696631415674
257,90,2022-03-02,2022-05-31,1.9726509710625695,-0.132378705806113
258,90,2022-03-09,2022-06-07,1.5359727845525624,-0.17388162594696419
259,90,2022-03-16,2022-06-14,1.4004634626310437,-0.050283959514181714
260,90,2022-03-23,2022-06-21,1.3001845883701393,-0.3974085223035156
261,90,2022-03-30,2022-06-28,1.3484013002038544,-0.34336573314844804
262,90,2022-04-06,2022-07-05,1.2536774901349297,-0.46331959528207584
263,90,2022-04-13,2022-07-12,1.2994319132151684,-0.43665414567852606
264,90,2022-04-20,2022-07-19,1.2439432023774661,-0.43335322998965164
265,90,2022-04-27,2022-07-26,1.4313719437796026,-0.3272776569127614
266,90,2022-05-04,2022-08-02,1.4342776966006314,-0.36482334925367593
267,90,2022-05-11,2022-08-09,1.4612595433166218,-0.2240318910683153
268,90,2022-05-18,2022-08-16,1.4843496305098356,-0.17084465986157235
269,90,2022-05-25,2022-08-23,1.558328343683714,-0.18332527428345585
270,90,2022-06-01,2022-08-30,1.8195697411227902,0.03490506029945457
271,90,2022-06-08,2022-09-06,1.9859887314188018,0.374450313265649
272,90,2022-06-15,2022-09-13,1.9983174388576996,0.39413674200709026
273,90,2022-06-22,2022-09-20,1.8552108341939422,0.23292679690653365
274,90,2022-06-29,2022-09-27,1.8446619583893014,0.2961263144398281
275,90,2022-07-06,2022-10-04,1.7612977763445914,0.32375032077145366
276,90,2022-07-13,2022-10-11,1.7212861574398126,0.3350385257931255
277,90,2022-07-20,2022-10-18,1.8075906498274337,0.30222271684208074
278,90,2022-07-27,2022-10-25,1.684419361260357,0.16344411501473957
279,90,2022-08-03,2022-11-01,1.7351789908148776,0.2918289873267866
280,90,2022-08-10,2022-11-08,1.6691226170233742,0.15676075229987535
281,90,2022-08-17,2022-11-15,1.6376957919153603,0.10172794181072692
282,90,2022-08-24,2022-11-22,1.6092189435522688,0.3289965662015093
283,90,2022-08-31,2022-11-29,1.47281162861352,0.42617277746008697
284,90,2022-09-07,2022-12-06,1.2878385324158668,-0.004580232835804779
285,90,2022-09-14,2022-12-13,1.1215433986497205,-0.580377048326944
286,90,2022-09-21,2022-12-20,1.6277149852130668,0.527676706795326
287,90,2022-09-28,2022-12-27,0.716501730005374,-1.9417508691873162
288,180,2020-01-01,2020-06-29,1.5663718382748528,-0.23102252079175334
289,180,2020-01-08,2020-07-06,1.5681277966443583,-0.2607117749048617
290,180,2020-01-15,2020-07-13,1.574411291818023,-0.27224084591539566
291,180,2020-01-22,2020-07-20,1.5643306974826645,-0.2680125285270218
292,180,2020-01-29,2020-07-27,1.601933000212541,-0.23662648204143732
293,180,2020-02-05,2020-08-03,1.6081565996680087,-0.23327606474789145
294,180,2020-02-12,2020-08-10,1.6117265902711604,-0.24495792970508487
295,180,2020-02-19,2020-08-17,1.6407732577149803,-0.2663072796907126
296,180,2020-02-26,2020-08-24,1.6713811831189598,-0.3696386194921853
297,180,2020-03-04,2020-08-31,1.7063080599365774,-0.3781704762439567
298,180,2020-03-11,2020-09-07,1.7554697097656893,-0.3986042534123417
299,180,2020-03-18,2020-09-14,1.7521802885208644,-0.3624654582093796
300,180,2020-03-25,2020-09-21,1.4806241779992821,-0.2312458959369263
301,180,2020-04-01,2020-09-28,1.4896638291313171,-0.23068119863358713
302,180,2020-04-08,2020-10-05,1.569220350016651,-0.14672891403692
303,180,2020-04-15,2020-10-12,1.7034889228337862,-0.21061559693656146
304,180,2020-04-22,2020-10-19,1.7109366258431482,-0.29916369445743923
305,180,2020-04-29,2020-10-26,1.7024832866085688,-0.3267268037573575
306,180,2020-05-06,2020-11-02,1.7011144073457598,-0.32765315808409645
307,180,2020-05-13,2020-11-09,1.6926997035576792,-0.32388939003040157
308,180,2020-05-20,2020-11-16,1.7364771418016323,-0.2798509552802044
309,180,2020-05-27,2020-11-23,1.7200349667855008,-0.32089091739413583
310,180,2020-06-03,2020-11-30,1.712909385503778,-0.3391946998941075
311,180,2020-06-10,2020-12-07,1.7073569371694781,-0.3383623465086844
312,180,2020-06-17,2020-12-14,1.7195071962553232,-0.32358712013747604
313,180,2020-06-24,2020-12-21,1.7610996385853748,-0.3326022128793239
314,180,2020-07-01,2020-12-28,1.7627999914875736,-0.347944865349663
315,180,2020-07-08,2021-01-04,1.7476629774002443,-0.34373288302601795
316,180,2020-07-15,2021-01-11,1.7496263879109069,-0.301688259012309
317,180,2020-07-22,2021-01-18,1.6638421653051982,-0.22344055534107268
318,180,2020-07-29,2021-01-25,1.5336914123185497,-0.1892858075353738
319,180,2020-08-05,2021-02-01,1.482680713669134,-0.19668549013816686
320,180,2020-08-12,2021-02-08,1.3408321960189185,-0.13700040504963912
321,180,2020-08-19,2021-02-15,1.3225020021917944,-0.1669591536359994
322,180,2020-08-26,2021-02-22,1.4033013583875473,-0.1308133416553861
323,180,2020-09-02,2021-03-01,1.3225827134065906,-0.0965379365695466
324,180,2020-09-09,2021-03-08,1.4550588259339425,-0.09316449646519208
325,180,2020-09-16,2021-03-15,1.4704322652811834,-0.10019847695436765
326,180,2020-09-23,2021-03-22,1.4719542592871555,-0.10083697157224432
327,180,2020-09-30,2021-03-29,1.3103409818934548,-0.03476477906674855
328,180,2020-10-07,2021-04-05,1.2185130322483346,0.003642800001291653
329,180,2020-10-14,2021-04-12,1.2221041251660174,-0.01219010717853646
330,180,2020-10-21,2021-04-19,1.2196079616379603,0.019822563926448204
331,180,2020-10-28,2021-04-26,1.1877017065041278,0.013255836703363602
332,180,2020-11-04,2021-05-03,1.1530570540703462,0.037199850342227
333,180,2020-11-11,2021-05-10,1.1500521151895997,0.02436353778699798
334,180,2020-11-18,2021-05-17,1.0818040650801428,-0.013119810407128275
335,180,2020-11-25,2021-05-24,1.1873283432050294,0.08112321269041674
336,180,2020-12-02,2021-05-31,1.1984986398813329,0.11884082079331856
337,180,2020-12-09,2021-06-07,1.1403154021607222,0.12429443749010168
338,180,2020-12-16,2021-06-14,1.136977527851231,0.1155095808994429
339,180,2020-12-23,2021-06-21,1.288296705121661,0.05165819473455748
340,180,2020-12-30,2021-06-28,1.2780254153657673,0.13852429575916983
341,180,2021-01-06,2021-07-05,1.3120255909838974,0.16982995244600338
342,180,2021-01-13,2021-07-12,1.3005036666288283,0.09999521804625149
343,180,2021-01-20,2021-07-19,1.3218059611004027,0.06388857342680639
344,180,2021-01-27,2021-07-26,1.3479639156586178,0.02574416039338168
345,180,2021-02-03,2021-08-02,1.339262026234291,0.02655922443575178
346,180,2021-02-10,2021-08-09,1.4455935684922516,0.040123030941441505
347,180,2021-02-17,2021-08-16,1.4257876691957385,0.10341452963812274
348,180,2021-02-24,2021-08-23,1.42724003250102,0.13556724647930443
349,180,2021-03-03,2021-08-30,1.484358203176419,0.1835685504097928
350,180,2021-03-10,2021-09-06,1.3709259631500574,0.19741072705828908
351,180,2021-03-17,2021-09-13,1.3112778907811402,0.19873849956041262
352,180,2021-03-24,2021-09-20,1.3362384352583145,0.20322303023753718
353,180,2021-03-31,2021-09-27,1.476943858406377,0.13674260485164097
354,180,2021-04-07,2021-10-04,1.6464698268234839,0.06579300642045803
355,180,2021-04-14,2021-10-11,1.6086282971293204,0.07588768935058163
356,180,2021-04-21,2021-10-18,1.6380229645647444,0.06940302362430585
357,180,2021-04-28,2021-10-25,1.7259190116795986,0.09441478671112995
358,180,2021-05-05,2021-11-01,1.7693518679968396,0.10448018031337829
359,180,2021-05-12,2021-11-08,1.7650938679938382,0.11862770584281997
360,180,2021-05-19,2021-11-15,1.793972991434311,0.1011480714099592
361,180,2021-05-26,2021-11-22,1.5260944323107417,-0.005155414239851894
362,180,2021-06-02,2021-11-29,1.5251871612367356,-0.046275472584717196
363,180,2021-06-09,2021-12-06,1.5937674816809602,-0.02455517694411144
364,180,2021-06-16,2021-12-13,1.5912829843917637,-0.030512410199879814
365,180,2021-06-23,2021-12-20,1.4601645114504513,-0.05502532153604443
366,180,2021-06-30,2021-12-27,1.5311437460838484,-0.06899858545472402
367,180,2021-07-07,2022-01-03,1.513590796057802,-0.09544996634129063
368,180,2021-07-14,2022-01-10,1.505990073226925,0.006675517647409506
369,180,2021-07-21,2022-01-17,1.68727716890389,0.11579953944801816
370,180,2021-07-28,2022-01-24,1.6795641007766757,0.12626437057598183
371,180,2021-08-04,2022-01-31,1.7258077338464888,0.15404157093469414
372,180,2021-08-11,2022-02-07,1.750191136471895,0.14657114998031265
373,180,2021-08-18,2022-02-14,1.7462282257828408,0.07523055272594067
374,180,2021-08-25,2022-02-21,1.7564539050106385,0.04473173797219023
375,180,2021-09-01,2022-02-28,1.7872983943624183,-0.003112965466146278
376,180,2021-09-08,2022-03-07,2.239428572750208,-0.0026337344397046798
377,180,2021-09-15,2022-03-14,2.2465172615933025,0.010176959696203285
378,180,2021-09-22,2022-03-21,2.41267586337507,0.14545621057560248
379,180,2021-09-29,2022-03-28,2.385047376760958,0.14467614182222024
380,180,2021-10-06,2022-04-04,2.390463270287804,0.17127487417347761
381,180,2021-10-13,2022-04-11,2.4055435856503764,0.14732506216795854
382,180,2021-10-20,2022-04-18,2.4060127022836424,0.17820811649642956
383,180,2021-10-27,2022-04-25,2.4839238725773543,0.3263381529802464
384,180,2021-11-03,2022-05-02,2.3558533725124695,0.3534675318950294
385,180,2021-11-10,2022-05-09,2.3630272915434776,0.29521630269493143
386,180,2021-11-17,2022-05-16,2.359011966057602,0.31003160704577504
387,180,2021-11-24,2022-05-23,2.4154415704557635,0.22362092757747584
388,180,2021-12-01,2022-05-30,2.0289996321964923,0.010483887780407333
389,180,2021-12-08,2022-06-06,1.9518373557768,-0.09048827714886803
390,180,2021-12-15,2022-06-13,1.930947403374312,-0.04903540239221672
391,180,2021-12-22,2022-06-20,1.931911709388087,-0.02422907560933169
392,180,2021-12-29,2022-06-27,1.929702040775902,-0.02425680697971429
393,180,2022-01-05,2022-07-04,1.9431324779267984,0.0026389700175434554
394,180,2022-01-12,2022-07-11,1.8967326240573006,-0.07625534289242288
395,180,2022-01-19,2022-07-18,1.7405016139846512,-0.14340300896139505
396,180,2022-01-26,2022-07-25,1.8164438896992419,-0.07205851582176716
397,180,2022-02-02,2022-08-01,1.8138570817683406,-0.10861077378208162
398,180,2022-02-09,2022-08-08,1.806067779115429,-0.10502866575422644
399,180,2022-02-16,2022-08-15,1.8508288401158928,-0.048876483535396205
400,180,2022-02-23,2022-08-22,1.876650794880766,-0.08378431586492102
401,180,2022-03-02,2022-08-29,1.8783324561403008,-0.052937970042028576
402,180,2022-03-09,2022-09-05,1.7803863088552658,0.07783710381399093
403,180,2022-03-16,2022-09-12,1.7554841338161569,0.14364702216150443
404,180,2022-03-23,2022-09-19,1.6191268811633936,-0.05886929661221046
405,180,2022-03-30,2022-09-26,1.6029417961343746,-0.037223381907029215
406,180,2022-04-06,2022-10-03,1.5402147159317807,-0.08508645069262112
407,180,2022-04-13,2022-10-10,1.5197934311125574,-0.06263549997944746
408,180,2022-04-20,2022-10-17,1.5195233141205913,-0.059795914045590995
409,180,2022-04-27,2022-10-24,1.5133661258983606,-0.1340735606484915
410,180,2022-05-04,2022-10-31,1.5166478571283513,-0.1357722767039571
411,180,2022-05-11,2022-11-07,1.5123578536357345,-0.1138410785667284
412,180,2022-05-18,2022-11-14,1.5121661675920033,-0.11105384219725864
413,180,2022-05-25,2022-11-21,1.5322179119477901,-0.04698479467081796
414,180,2022-06-01,2022-11-28,1.6972837250401152,0.14029916234978557
415,180,2022-06-08,2022-12-05,1.7804269218441042,0.3064412550949348
416,180,2022-06-15,2022-12-12,1.775390022776951,0.2535836230107409
417,180,2022-06-22,2022-12-19,1.7392324625027082,0.2699768661970229
418,180,2022-06-29,2022-12-26,1.7563167532520272,0.29923065521022163
419,180,2022-07-06,2023-01-02,1.7612977763445914,0.32375032077145366
420,180,2022-07-13,2023-01-09,1.7212861574398126,0.3350385257931255
421,180,2022-07-20,2023-01-16,1.8075906498274337,0.30222271684208074
422,180,2022-07-27,2023-01-23,1.684419361260357,0.16344411501473957
423,180,2022-08-03,2023-01-30,1.7351789908148776,0.2918289873267866
424,180,2022-08-10,2023-02-06,1.6691226170233742,0.15676075229987535
425,180,2022-08-17,2023-02-13,1.6376957919153603,0.10172794181072692
426,180,2022-08-24,2023-02-20,1.6092189435522688,0.3289965662015093
427,180,2022-08-31,2023-02-27,1.47281162861352,0.42617277746008697
428,180,2022-09-07,2023-03-06,1.2878385324158668,-0.004580232835804779
429,180,2022-09-14,2023-03-13,1.1215433986497205,-0.580377048326944
430,180,2022-09-21,2023-03-20,1.6277149852130668,0.527676706795326
431,180,2022-09-28,2023-03-27,0.716501730005374,-1.9417508691873162
